[
  {
    "level":1,
    "code":"110000",
    "name":"北京市",
    "postno":"100000",
    "city":[
      {
        "level":2,
        "code":"110000",
        "name":"北京市",
        "postno":"100000",
        "city":[
          {
            "level":3,
            "code":"110101",
            "name":"东城区",
            "postno":"100010",
            "city":[]
          },
          {
            "level":3,
            "code":"110102",
            "name":"西城区",
            "postno":"100032",
            "city":[]
          }
        ]
      }
    ]
  },
  {
    "level":1,
    "code":"120000",
    "name":"天津市",
    "postno":"300000",
    "city":[
      {
        "level":2,
        "code":"120000",
        "name":"天津市",
        "postno":"300000",
        "city":[
          {
            "level":3,
            "code":"120103",
            "name":"河西区",
            "postno":"300202",
            "city":[]
          },
          {
            "level":3,
            "code":"120101",
            "name":"和平区",
            "postno":"300041",
            "city":[]
          }
        ]
      }
    ]
  }
]
